[{"nume":"nume1","prenume":"prenume1","varsta":"varsta1","Este Mahu un sef de grupa minunat?":"da"},{"nume":"nume2","prenume":"prenume2","varsta":"varsta2","Este Mahu un sef de grupa minunat?":"da"},{"nume":"nume3","prenume":"prenume3","varsta":"varsta3","Este Mahu un sef de grupa minunat?":"da"},{"nume":"nume4","prenume":"prenume4","varsta":"varsta4","Este Mahu un sef de grupa minunat?":"da"},{"nume":"nume5","prenume":"prenume5","varsta":"varsta5","Este Mahu un sef de grupa minunat?":"da"},{"nume":"nume6","prenume":"prenume6","varsta":"varsta6","Este Mahu un sef de grupa minunat?":"da"},{"nume":"nume7","prenume":"prenume7","varsta":"varsta7","Este Mahu un sef de grupa minunat?":"da"},{"nume":"nume8","prenume":"prenume8","varsta":"varsta8","Este Mahu un sef de grupa minunat?":"da"},{"nume":"nume9","prenume":"prenume9","varsta":"varsta9","Este Mahu un sef de grupa minunat?":"da"},{"nume":"nume11","prenume":"prenume11","varsta":"varsta11","Este Mahu un sef de grupa minunat?":"da"},{"nume":"nume12","prenume":"prenume12","varsta":"varsta12","Este Mahu un sef de grupa minunat?":"da"},{"nume":"nume13","prenume":"prenume13","varsta":"varsta13","Este Mahu un sef de grupa minunat?":"da"},{"nume":"nume14","prenume":"prenume14","varsta":"varsta14","Este Mahu un sef de grupa minunat?":"da"},{"nume":"nume15","prenume":"prenume15","varsta":"varsta15","Este Mahu un sef de grupa minunat?":"da"},{"nume":"nume16","prenume":"prenume16","varsta":"varsta16","Este Mahu un sef de grupa minunat?":"da"},{"nume":"nume17","prenume":"prenume17","varsta":"varsta17","Este Mahu un sef de grupa minunat?":"da"},{"nume":"nume18","prenume":"prenume18","varsta":"varsta18","Este Mahu un sef de grupa minunat?":"da"},{"nume":"nume19","prenume":"prenume19","varsta":"varsta19","Este Mahu un sef de grupa minunat?":"da"}]
